{
    "timestamp": "2026-03-28T14:37:48.524412",
    "task": "regression",
    "dataset": "bmw.csv",
    "model": "RandomForest",
    "hyperparameters": {
        "n_estimators": 100,
        "random_state": 42
    },
    "validation": {
        "MAE": 1620.6221671141782,
        "RMSE": 2782.968884568833,
        "R2": 0.9410916241369086
    },
    "test": {
        "MAE": 1540.1765350918747,
        "RMSE": 2427.7567448106947,
        "R2": 0.9533087814812493
    }
}